Professeur;Lien_Professeur
Ami-Jacques Rapin;https://applicationspub.unil.ch/interpub/noauth/php/Un/UnPers.php?PerNum=851054&LanCode=37
Andrea Pilotti;https://applicationspub.unil.ch/interpub/noauth/php/Un/UnPers.php?PerNum=49450&LanCode=37
Catherine Thevenot;https://applicationspub.unil.ch/interpub/noauth/php/Un/UnPers.php?PerNum=1175997&LanCode=37
Christoph Kern;https://applicationspub.unil.ch/interpub/noauth/php/Un/UnPers.php?PerNum=1141949&LanCode=37
Fabien Ohl;https://applicationspub.unil.ch/interpub/noauth/php/Un/UnPers.php?PerNum=1045851&LanCode=37
Flavia Cangià;https://applicationspub.unil.ch/interpub/noauth/php/Un/UnPers.php?PerNum=1253798&LanCode=37
Gaële Goastellec;https://applicationspub.unil.ch/interpub/noauth/php/Un/UnPers.php?PerNum=1040443&LanCode=37
Hervé Rayner;https://applicationspub.unil.ch/interpub/noauth/php/Un/UnPers.php?PerNum=1076609&LanCode=37
Irene Maffi;https://applicationspub.unil.ch/interpub/noauth/php/Un/UnPers.php?PerNum=39556&LanCode=37
Jacques-Antoine Gauthier;https://applicationspub.unil.ch/interpub/noauth/php/Un/UnPers.php?PerNum=830811&LanCode=37
Jessica Gale;https://applicationspub.unil.ch/interpub/noauth/php/Un/UnPers.php?PerNum=1122004&LanCode=37
Jonathan Miaz;https://applicationspub.unil.ch/interpub/noauth/php/Un/UnPers.php?PerNum=64759&LanCode=37
Laurence Kaufmann;https://applicationspub.unil.ch/interpub/noauth/php/Un/UnPers.php?PerNum=871282&LanCode=37
Lavinia Gianettoni;https://applicationspub.unil.ch/interpub/noauth/php/Un/UnPers.php?PerNum=61696&LanCode=37
Leen Vandecasteele;https://applicationspub.unil.ch/interpub/noauth/php/Un/UnPers.php?PerNum=1200432&LanCode=37
Marc Bungenberg;https://applicationspub.unil.ch/interpub/noauth/php/Un/UnPers.php?PerNum=10236&LanCode=37
Marc Perrenoud;https://applicationspub.unil.ch/interpub/noauth/php/Un/UnPers.php?PerNum=1079074&LanCode=37
Mark Goodale;https://applicationspub.unil.ch/interpub/noauth/php/Un/UnPers.php?PerNum=1163529&LanCode=37
Olivier Fillieule;https://applicationspub.unil.ch/interpub/noauth/php/Un/UnPers.php?PerNum=58565&LanCode=37
Olivier Ruchet;https://applicationspub.unil.ch/interpub/noauth/php/Un/UnPers.php?PerNum=1276869&LanCode=37
Philippe Gonzalez;https://applicationspub.unil.ch/interpub/noauth/php/Un/UnPers.php?PerNum=1066100&LanCode=37
Philippe Vonnard;https://applicationspub.unil.ch/interpub/noauth/php/Un/UnPers.php?PerNum=1035993&LanCode=37
Pierre-Emmanuel Sorignet;https://applicationspub.unil.ch/interpub/noauth/php/Un/UnPers.php?PerNum=1136325&LanCode=37
Roberto Baranzini;https://applicationspub.unil.ch/interpub/noauth/php/Un/UnPers.php?PerNum=14616&LanCode=37
Rémy Amouroux;https://applicationspub.unil.ch/interpub/noauth/php/Un/UnPers.php?PerNum=1151407&LanCode=37
Sean Müller;https://applicationspub.unil.ch/interpub/noauth/php/Un/UnPers.php?PerNum=1174418&LanCode=37
Stefanie Prezioso;https://applicationspub.unil.ch/interpub/noauth/php/Un/UnPers.php?PerNum=880682&LanCode=37
Sélim Smaoui;https://applicationspub.unil.ch/interpub/noauth/php/Un/UnPers.php?PerNum=1198758&LanCode=37
Walter Josef Franz Boente;https://applicationspub.unil.ch/interpub/noauth/php/Un/UnPers.php?PerNum=1105301&LanCode=37
